feature,mean_benign,var_benign,mean_malignant,var_malignant
radius_mean,12.14725874125874,3.199833424037124,17.433823529411764,9.507427279669521
texture_mean,17.9541958041958,15.193132179917601,21.62047058823529,13.648161089358107
perimeter_mean,78.07552447552446,141.42894094318225,115.18811764705876,448.19228953226445
area_mean,463.12657342657326,18182.03476881253,973.0276470588234,127261.93053577446
smoothness_mean,0.09218629370629378,0.00046338543336267763,0.10247517647058826,0.0004539639128332661
compactness_mean,0.07934181818181818,0.0013547676549823169,0.14428876470588248,0.003247483418691399
concavity_mean,0.04517185909090911,0.0019222122918028267,0.16077270588235298,0.005864822467601432
concave points_mean,0.02534687412587413,0.0005423981039365932,0.08721764705882352,0.001433612661151606
symmetry_mean,0.17495209790209795,0.0008647952280127832,0.19304823529411763,0.0010590180141619857
fractal_dimension_mean,0.06262881118881117,0.00033935866456713765,0.06252599999999998,0.0003516457612761727
radius_se,0.2847692307692307,0.013335549547906186,0.6108047058823525,0.12900068114218965
texture_se,1.2190737762237762,0.35381026725451764,1.2351729411764711,0.26574935984391973
perimeter_se,2.0154328671328683,0.6394001182955223,4.355488235294118,7.297996525378867
area_se,21.306821678321665,85.51840553960514,72.69547058823532,4126.949399030537
smoothness_se,0.007092003496503494,0.00030817288523564217,0.0069081235294117666,0.00030981563665503085
compactness_se,0.02104125874125874,0.0005482092580323438,0.032722158823529406,0.0006522443129156536
concavity_se,0.02498248111888112,0.0010438776120171162,0.04311047058823531,0.0008031273852900135
concave points_se,0.009615038461538468,0.0003254602503250842,0.015362594117647054,0.0003331839403761381
symmetry_se,0.020653493006993012,0.000350308552454137,0.020955776470588237,0.0004071878411085602
fractal_dimension_se,0.0035067066433566436,0.0003068269835360648,0.00412934705882353,0.00030462938763219343
radius_worst,13.39459090909092,3.9641160334189998,20.961823529411777,16.512644456140116
texture_worst,23.600174825174825,29.117787166714024,29.156823529411774,26.880634750257766
perimeter_worst,87.13839160839167,185.77102482014456,140.30329411764703,808.1261986948942
area_worst,560.4828671328675,27070.60605555026,1395.2835294117647,322438.0555582659
smoothness_worst,0.12482468531468527,0.0006903759964757883,0.14342641176470589,0.0007415131332242694
compactness_worst,0.18347744755244758,0.009400760029745147,0.3678706470588234,0.0269798921339163
concavity_worst,0.1675224020979021,0.020958949858983077,0.44835576470588223,0.030873722421691396
concave points_worst,0.07431752097902103,0.0016246992802019977,0.18019564705882357,0.0024099251018574867
symmetry_worst,0.272674825174825,0.0020801909098309636,0.3218799999999999,0.0055921749996291166
fractal_dimension_worst,0.0790958741258742,0.00048274543637015976,0.0906772941176471,0.0007285037064249616
