feature,value,logP(x|Benign),logP(x|Malignant),log_ratio(M vs B)
concave points_worst,0.06127,2.2398871781410117,-0.839246505938211,-3.0791336840792227
perimeter_worst,84.53,-3.5495080436356563,-6.190910625758961,-2.6414025821233045
radius_worst,13.11,-1.6177956197617134,-4.187787310755916,-2.569991690994203
perimeter_mean,73.81,-3.4591617621575237,-5.881610036776069,-2.422448274618545
area_worst,525.1,-6.04516415813956,-8.434980757740645,-2.389816599601085
radius_mean,11.45,-1.5764558882389836,-3.9280368723720613,-2.3515809841330775
area_se,24.62,-3.2074843914289874,-5.361604706488473,-2.1541203150594854
area_mean,401.5,-5.927472381756161,-8.07929244701858,-2.1518200652624184
concave points_mean,0.02233,2.832426542987137,0.8863799446979801,-1.9460465982891568
concavity_mean,0.04591,2.2080590020251045,0.5256584072205133,-1.6824005948045913
perimeter_se,2.077,-0.6982902202245568,-2.2684188635889595,-1.5701286433644026
concavity_worst,0.1755,1.012137973083671,-0.38573585455097903,-1.39787382763465
radius_se,0.3251,1.1787361488203465,-0.21135248000468387,-1.3900886288250303
compactness_worst,0.1676,1.401135700018783,0.1440927272109317,-1.2570429728078514
texture_worst,32.16,-3.862789235082728,-2.7324030552248857,1.1303861798578425
compactness_mean,0.09362,2.307883739065497,1.5507199675091075,-0.7571637715563897
symmetry_worst,0.2762,2.1657223185303476,1.4876851158391533,-0.6780372026911943
smoothness_worst,0.1557,2.029788506770191,2.5828935727987234,0.5531050660285324
texture_mean,20.97,-2.5786756176273773,-2.241241625903936,0.33743399172344146
smoothness_mean,0.1102,2.569403563097493,2.8640836163985433,0.2946800533010503
compactness_se,0.01706,2.821031667122274,2.5605616409820877,-0.2604700261401862
texture_se,2.174,-1.6881038590648336,-1.9146601241360246,-0.22655626507119098
fractal_dimension_worst,0.08851,2.807278533030566,2.690096545650258,-0.11718198738030816
concave points_se,0.007506,3.0893631119022116,2.991838768505614,-0.09752434339659777
symmetry_mean,0.1842,2.558123005112421,2.4693039808734834,-0.0888190242389375
symmetry_se,0.01816,3.0505352435203643,2.974581457655562,-0.07595378586480228
concavity_se,0.02586,2.5130991438781494,2.459297600962084,-0.053801542916065426
fractal_dimension_mean,0.07005,2.99414366676874,2.977010835647107,-0.017132831121632996
smoothness_se,0.01037,3.106052455412347,3.1014865611827944,-0.004565894229552558
fractal_dimension_se,0.003976,3.125315843958415,3.12923019155718,0.003914347598764856
